Dataset,Accuracy,Precision,Recall,F1 Score,ROC AUC
scientific,0.9295,0.9096678389062541,0.954,0.9312058119056992,0.9830175000000001
balanced,0.922,0.9289475420000987,0.914,0.9213882840575669,0.9733
gan_matched,0.528,0.5333507349422596,0.471,0.4925081404159483,0.5542925000000001
